{
    "logistic_regression": {
        "accuracy": 0.8662857142857143,
        "f1": 0.40609137055837563,
        "precision": 0.8163265306122449,
        "recall": 0.2702702702702703,
        "false_alarm_rate": 0.012379642365887207,
        "duration": 0.40221166610717773,
        "confusion_matrix": [
            [
                718,
                9
            ],
            [
                108,
                40
            ]
        ]
    },
    "svm": {
        "accuracy": 0.8697142857142857,
        "f1": 0.40625,
        "precision": 0.8863636363636364,
        "recall": 0.2635135135135135,
        "false_alarm_rate": 0.0068775790921595595,
        "duration": 17.347206354141235,
        "confusion_matrix": [
            [
                722,
                5
            ],
            [
                109,
                39
            ]
        ]
    },
    "random_forest": {
        "accuracy": 0.864,
        "f1": 0.3425414364640884,
        "precision": 0.9393939393939394,
        "recall": 0.20945945945945946,
        "false_alarm_rate": 0.002751031636863824,
        "duration": 2.2253854274749756,
        "confusion_matrix": [
            [
                725,
                2
            ],
            [
                117,
                31
            ]
        ]
    },
    "naive_bayes": {
        "accuracy": 0.8468571428571429,
        "f1": 0.18292682926829268,
        "precision": 0.9375,
        "recall": 0.10135135135135136,
        "false_alarm_rate": 0.001375515818431912,
        "duration": 0.32315993309020996,
        "confusion_matrix": [
            [
                726,
                1
            ],
            [
                133,
                15
            ]
        ]
    },
    "decision_tree": {
        "accuracy": 0.7931428571428571,
        "f1": 0.39057239057239057,
        "precision": 0.38926174496644295,
        "recall": 0.3918918918918919,
        "false_alarm_rate": 0.12517193947730398,
        "duration": 1.4989721775054932,
        "confusion_matrix": [
            [
                636,
                91
            ],
            [
                90,
                58
            ]
        ]
    }
}