{
    "logistic_regression": {
        "accuracy": 0.8662857142857143,
        "f1": 0.40609137055837563,
        "duration": 0.36942529678344727
    },
    "svm": {
        "accuracy": 0.8697142857142857,
        "f1": 0.40625,
        "duration": 16.728181838989258
    },
    "random_forest": {
        "accuracy": 0.8537142857142858,
        "f1": 0.2727272727272727,
        "duration": 2.0809485912323
    },
    "naive_bayes": {
        "accuracy": 0.8468571428571429,
        "f1": 0.18292682926829268,
        "duration": 0.3034186363220215
    },
    "decision_tree": {
        "accuracy": 0.7931428571428571,
        "f1": 0.3822525597269625,
        "duration": 1.4556756019592285
    }
}