{
    "logistic_regression": {
        "accuracy": 0.8662857142857143,
        "f1": 0.40609137055837563,
        "recall": 0.2702702702702703,
        "precision": 0.8163265306122449,
        "false_alarm_rate": 0.012379642365887207,
        "confusion_matrix": [
            [
                718,
                9
            ],
            [
                108,
                40
            ]
        ]
    },
    "svm": {
        "accuracy": 0.8697142857142857,
        "f1": 0.40625,
        "recall": 0.2635135135135135,
        "precision": 0.8863636363636364,
        "false_alarm_rate": 0.0068775790921595595,
        "confusion_matrix": [
            [
                722,
                5
            ],
            [
                109,
                39
            ]
        ]
    },
    "decision_tree": {
        "accuracy": 0.8022857142857143,
        "f1": 0.4013840830449827,
        "recall": 0.3918918918918919,
        "precision": 0.41134751773049644,
        "false_alarm_rate": 0.11416781292984869,
        "confusion_matrix": [
            [
                644,
                83
            ],
            [
                90,
                58
            ]
        ]
    },
    "naive_bayes": {
        "accuracy": 0.8468571428571429,
        "f1": 0.18292682926829268,
        "recall": 0.10135135135135136,
        "precision": 0.9375,
        "false_alarm_rate": 0.001375515818431912,
        "confusion_matrix": [
            [
                726,
                1
            ],
            [
                133,
                15
            ]
        ]
    },
    "random_forest": {
        "accuracy": 0.8571428571428571,
        "f1": 0.3016759776536313,
        "recall": 0.18243243243243243,
        "precision": 0.8709677419354839,
        "false_alarm_rate": 0.005502063273727648,
        "confusion_matrix": [
            [
                723,
                4
            ],
            [
                121,
                27
            ]
        ]
    }
}